USE [ESCOLA]
GO
/****** Object:  Table [dbo].[ALUNO]    Script Date: 24/04/2020 10:07:21 ******/
SET ANSI_NULLS ON
GO
SET QUOTED_IDENTIFIER ON
GO
CREATE TABLE [dbo].[ALUNO](
	[ID_ALUNO] [bigint] NOT NULL,
	[NOME_ALUNO] [varchar](50) NOT NULL,
	[RG_ALUNO] [varchar](10) NOT NULL,
PRIMARY KEY CLUSTERED 
(
	[ID_ALUNO] ASC
)WITH (PAD_INDEX = OFF, STATISTICS_NORECOMPUTE = OFF, IGNORE_DUP_KEY = OFF, ALLOW_ROW_LOCKS = ON, ALLOW_PAGE_LOCKS = ON, OPTIMIZE_FOR_SEQUENTIAL_KEY = OFF) ON [PRIMARY]
) ON [PRIMARY]
GO
/****** Object:  Table [dbo].[MATERIA]    Script Date: 24/04/2020 10:07:21 ******/
SET ANSI_NULLS ON
GO
SET QUOTED_IDENTIFIER ON
GO
CREATE TABLE [dbo].[MATERIA](
	[ID_MATERIA] [bigint] NOT NULL,
	[NOME_MATERIA] [varchar](50) NOT NULL,
	[ID_PROFESSOR] [bigint] NULL,
PRIMARY KEY CLUSTERED 
(
	[ID_MATERIA] ASC
)WITH (PAD_INDEX = OFF, STATISTICS_NORECOMPUTE = OFF, IGNORE_DUP_KEY = OFF, ALLOW_ROW_LOCKS = ON, ALLOW_PAGE_LOCKS = ON, OPTIMIZE_FOR_SEQUENTIAL_KEY = OFF) ON [PRIMARY]
) ON [PRIMARY]
GO
/****** Object:  Table [dbo].[NOTA]    Script Date: 24/04/2020 10:07:21 ******/
SET ANSI_NULLS ON
GO
SET QUOTED_IDENTIFIER ON
GO
CREATE TABLE [dbo].[NOTA](
	[ID_NOTA] [bigint] NOT NULL,
	[NOTA] [decimal](3, 1) NULL,
	[ID_MATERIA] [bigint] NULL,
	[ID_ALUNO] [bigint] NULL,
PRIMARY KEY CLUSTERED 
(
	[ID_NOTA] ASC
)WITH (PAD_INDEX = OFF, STATISTICS_NORECOMPUTE = OFF, IGNORE_DUP_KEY = OFF, ALLOW_ROW_LOCKS = ON, ALLOW_PAGE_LOCKS = ON, OPTIMIZE_FOR_SEQUENTIAL_KEY = OFF) ON [PRIMARY]
) ON [PRIMARY]
GO
/****** Object:  Table [dbo].[PROFESSOR]    Script Date: 24/04/2020 10:07:21 ******/
SET ANSI_NULLS ON
GO
SET QUOTED_IDENTIFIER ON
GO
CREATE TABLE [dbo].[PROFESSOR](
	[ID_PROFESSOR] [bigint] NOT NULL,
	[NOME_PROFESSOR] [varchar](50) NOT NULL,
	[RG_PROFESSOR] [varchar](10) NOT NULL,
	[ENDERECO_PROFESSOR] [varchar](100) NOT NULL,
PRIMARY KEY CLUSTERED 
(
	[ID_PROFESSOR] ASC
)WITH (PAD_INDEX = OFF, STATISTICS_NORECOMPUTE = OFF, IGNORE_DUP_KEY = OFF, ALLOW_ROW_LOCKS = ON, ALLOW_PAGE_LOCKS = ON, OPTIMIZE_FOR_SEQUENTIAL_KEY = OFF) ON [PRIMARY]
) ON [PRIMARY]
GO
INSERT [dbo].[ALUNO] ([ID_ALUNO], [NOME_ALUNO], [RG_ALUNO]) VALUES (1, N'JOSE', N'1234567890')
GO
INSERT [dbo].[ALUNO] ([ID_ALUNO], [NOME_ALUNO], [RG_ALUNO]) VALUES (2, N'PAULO', N'1234567890')
GO
INSERT [dbo].[ALUNO] ([ID_ALUNO], [NOME_ALUNO], [RG_ALUNO]) VALUES (3, N'CARLOS', N'1234567890')
GO
INSERT [dbo].[ALUNO] ([ID_ALUNO], [NOME_ALUNO], [RG_ALUNO]) VALUES (4, N'LUCAS', N'1234567345')
GO
INSERT [dbo].[ALUNO] ([ID_ALUNO], [NOME_ALUNO], [RG_ALUNO]) VALUES (5, N'FELIPE', N'1234561453')
GO
INSERT [dbo].[ALUNO] ([ID_ALUNO], [NOME_ALUNO], [RG_ALUNO]) VALUES (6, N'LUCIANO', N'1234567890')
GO
INSERT [dbo].[ALUNO] ([ID_ALUNO], [NOME_ALUNO], [RG_ALUNO]) VALUES (7, N'DANILO', N'1234567890')
GO
INSERT [dbo].[ALUNO] ([ID_ALUNO], [NOME_ALUNO], [RG_ALUNO]) VALUES (8, N'ROGERIO', N'1234567908')
GO
INSERT [dbo].[ALUNO] ([ID_ALUNO], [NOME_ALUNO], [RG_ALUNO]) VALUES (9, N'RICARDO', N'1234567127')
GO
INSERT [dbo].[ALUNO] ([ID_ALUNO], [NOME_ALUNO], [RG_ALUNO]) VALUES (10, N'JONAS', N'1234578451')
GO
INSERT [dbo].[ALUNO] ([ID_ALUNO], [NOME_ALUNO], [RG_ALUNO]) VALUES (11, N'AMAURICIO', N'1234567865')
GO
INSERT [dbo].[ALUNO] ([ID_ALUNO], [NOME_ALUNO], [RG_ALUNO]) VALUES (12, N'MARCOS', N'1234560986')
GO
INSERT [dbo].[ALUNO] ([ID_ALUNO], [NOME_ALUNO], [RG_ALUNO]) VALUES (13, N'MATHEUS', N'1234560453')
GO
INSERT [dbo].[ALUNO] ([ID_ALUNO], [NOME_ALUNO], [RG_ALUNO]) VALUES (14, N'JADSON', N'1234561853')
GO
INSERT [dbo].[ALUNO] ([ID_ALUNO], [NOME_ALUNO], [RG_ALUNO]) VALUES (15, N'XAVIER', N'1234561678')
GO
INSERT [dbo].[MATERIA] ([ID_MATERIA], [NOME_MATERIA], [ID_PROFESSOR]) VALUES (1, N'POWER BI', 1)
GO
INSERT [dbo].[MATERIA] ([ID_MATERIA], [NOME_MATERIA], [ID_PROFESSOR]) VALUES (2, N'RPA', 2)
GO
INSERT [dbo].[MATERIA] ([ID_MATERIA], [NOME_MATERIA], [ID_PROFESSOR]) VALUES (3, N'SQL', 3)
GO
INSERT [dbo].[MATERIA] ([ID_MATERIA], [NOME_MATERIA], [ID_PROFESSOR]) VALUES (4, N'C#', 4)
GO
INSERT [dbo].[MATERIA] ([ID_MATERIA], [NOME_MATERIA], [ID_PROFESSOR]) VALUES (5, N'ANDROID', 5)
GO
INSERT [dbo].[MATERIA] ([ID_MATERIA], [NOME_MATERIA], [ID_PROFESSOR]) VALUES (6, N'SAS', 1)
GO
INSERT [dbo].[MATERIA] ([ID_MATERIA], [NOME_MATERIA], [ID_PROFESSOR]) VALUES (7, N'JAVA', 2)
GO
INSERT [dbo].[MATERIA] ([ID_MATERIA], [NOME_MATERIA], [ID_PROFESSOR]) VALUES (8, N'PHP', 3)
GO
INSERT [dbo].[MATERIA] ([ID_MATERIA], [NOME_MATERIA], [ID_PROFESSOR]) VALUES (9, N'METOLOGIA AGIL', 4)
GO
INSERT [dbo].[MATERIA] ([ID_MATERIA], [NOME_MATERIA], [ID_PROFESSOR]) VALUES (10, N'LOGICA DE PROGRAMACAO', 5)
GO
INSERT [dbo].[MATERIA] ([ID_MATERIA], [NOME_MATERIA], [ID_PROFESSOR]) VALUES (11, N'MATEMATICA COMPUTACIONAL', 1)
GO
INSERT [dbo].[MATERIA] ([ID_MATERIA], [NOME_MATERIA], [ID_PROFESSOR]) VALUES (12, N'WEB', 2)
GO
INSERT [dbo].[MATERIA] ([ID_MATERIA], [NOME_MATERIA], [ID_PROFESSOR]) VALUES (13, N'INTERNET DAS COISAS', 3)
GO
INSERT [dbo].[NOTA] ([ID_NOTA], [NOTA], [ID_MATERIA], [ID_ALUNO]) VALUES (1, CAST(10.0 AS Decimal(3, 1)), 1, 1)
GO
INSERT [dbo].[NOTA] ([ID_NOTA], [NOTA], [ID_MATERIA], [ID_ALUNO]) VALUES (2, CAST(5.0 AS Decimal(3, 1)), 2, 1)
GO
INSERT [dbo].[NOTA] ([ID_NOTA], [NOTA], [ID_MATERIA], [ID_ALUNO]) VALUES (3, CAST(6.0 AS Decimal(3, 1)), 3, 1)
GO
INSERT [dbo].[NOTA] ([ID_NOTA], [NOTA], [ID_MATERIA], [ID_ALUNO]) VALUES (4, CAST(10.0 AS Decimal(3, 1)), 4, 1)
GO
INSERT [dbo].[NOTA] ([ID_NOTA], [NOTA], [ID_MATERIA], [ID_ALUNO]) VALUES (5, CAST(7.5 AS Decimal(3, 1)), 5, 1)
GO
INSERT [dbo].[NOTA] ([ID_NOTA], [NOTA], [ID_MATERIA], [ID_ALUNO]) VALUES (6, CAST(8.0 AS Decimal(3, 1)), 6, 1)
GO
INSERT [dbo].[NOTA] ([ID_NOTA], [NOTA], [ID_MATERIA], [ID_ALUNO]) VALUES (7, CAST(6.0 AS Decimal(3, 1)), 7, 1)
GO
INSERT [dbo].[NOTA] ([ID_NOTA], [NOTA], [ID_MATERIA], [ID_ALUNO]) VALUES (8, CAST(7.0 AS Decimal(3, 1)), 8, 1)
GO
INSERT [dbo].[NOTA] ([ID_NOTA], [NOTA], [ID_MATERIA], [ID_ALUNO]) VALUES (9, CAST(10.0 AS Decimal(3, 1)), 1, 2)
GO
INSERT [dbo].[NOTA] ([ID_NOTA], [NOTA], [ID_MATERIA], [ID_ALUNO]) VALUES (10, CAST(5.0 AS Decimal(3, 1)), 2, 2)
GO
INSERT [dbo].[NOTA] ([ID_NOTA], [NOTA], [ID_MATERIA], [ID_ALUNO]) VALUES (11, CAST(6.0 AS Decimal(3, 1)), 3, 2)
GO
INSERT [dbo].[NOTA] ([ID_NOTA], [NOTA], [ID_MATERIA], [ID_ALUNO]) VALUES (12, CAST(10.0 AS Decimal(3, 1)), 4, 2)
GO
INSERT [dbo].[NOTA] ([ID_NOTA], [NOTA], [ID_MATERIA], [ID_ALUNO]) VALUES (13, CAST(7.5 AS Decimal(3, 1)), 5, 2)
GO
INSERT [dbo].[NOTA] ([ID_NOTA], [NOTA], [ID_MATERIA], [ID_ALUNO]) VALUES (14, CAST(8.0 AS Decimal(3, 1)), 6, 2)
GO
INSERT [dbo].[NOTA] ([ID_NOTA], [NOTA], [ID_MATERIA], [ID_ALUNO]) VALUES (15, CAST(6.0 AS Decimal(3, 1)), 7, 2)
GO
INSERT [dbo].[NOTA] ([ID_NOTA], [NOTA], [ID_MATERIA], [ID_ALUNO]) VALUES (16, CAST(7.0 AS Decimal(3, 1)), 8, 2)
GO
INSERT [dbo].[NOTA] ([ID_NOTA], [NOTA], [ID_MATERIA], [ID_ALUNO]) VALUES (17, CAST(6.0 AS Decimal(3, 1)), 1, 3)
GO
INSERT [dbo].[NOTA] ([ID_NOTA], [NOTA], [ID_MATERIA], [ID_ALUNO]) VALUES (18, CAST(10.0 AS Decimal(3, 1)), 2, 3)
GO
INSERT [dbo].[NOTA] ([ID_NOTA], [NOTA], [ID_MATERIA], [ID_ALUNO]) VALUES (19, CAST(9.0 AS Decimal(3, 1)), 3, 3)
GO
INSERT [dbo].[NOTA] ([ID_NOTA], [NOTA], [ID_MATERIA], [ID_ALUNO]) VALUES (20, CAST(6.0 AS Decimal(3, 1)), 4, 3)
GO
INSERT [dbo].[NOTA] ([ID_NOTA], [NOTA], [ID_MATERIA], [ID_ALUNO]) VALUES (21, CAST(5.5 AS Decimal(3, 1)), 5, 3)
GO
INSERT [dbo].[NOTA] ([ID_NOTA], [NOTA], [ID_MATERIA], [ID_ALUNO]) VALUES (22, CAST(7.0 AS Decimal(3, 1)), 6, 3)
GO
INSERT [dbo].[NOTA] ([ID_NOTA], [NOTA], [ID_MATERIA], [ID_ALUNO]) VALUES (23, CAST(8.0 AS Decimal(3, 1)), 7, 3)
GO
INSERT [dbo].[NOTA] ([ID_NOTA], [NOTA], [ID_MATERIA], [ID_ALUNO]) VALUES (24, CAST(5.0 AS Decimal(3, 1)), 8, 3)
GO
INSERT [dbo].[NOTA] ([ID_NOTA], [NOTA], [ID_MATERIA], [ID_ALUNO]) VALUES (25, CAST(8.8 AS Decimal(3, 1)), 1, 4)
GO
INSERT [dbo].[NOTA] ([ID_NOTA], [NOTA], [ID_MATERIA], [ID_ALUNO]) VALUES (26, CAST(9.0 AS Decimal(3, 1)), 2, 4)
GO
INSERT [dbo].[NOTA] ([ID_NOTA], [NOTA], [ID_MATERIA], [ID_ALUNO]) VALUES (27, CAST(6.0 AS Decimal(3, 1)), 3, 4)
GO
INSERT [dbo].[NOTA] ([ID_NOTA], [NOTA], [ID_MATERIA], [ID_ALUNO]) VALUES (28, CAST(7.0 AS Decimal(3, 1)), 4, 4)
GO
INSERT [dbo].[NOTA] ([ID_NOTA], [NOTA], [ID_MATERIA], [ID_ALUNO]) VALUES (29, CAST(5.9 AS Decimal(3, 1)), 5, 4)
GO
INSERT [dbo].[NOTA] ([ID_NOTA], [NOTA], [ID_MATERIA], [ID_ALUNO]) VALUES (30, CAST(7.6 AS Decimal(3, 1)), 6, 4)
GO
INSERT [dbo].[NOTA] ([ID_NOTA], [NOTA], [ID_MATERIA], [ID_ALUNO]) VALUES (31, CAST(8.5 AS Decimal(3, 1)), 7, 4)
GO
INSERT [dbo].[NOTA] ([ID_NOTA], [NOTA], [ID_MATERIA], [ID_ALUNO]) VALUES (32, CAST(7.0 AS Decimal(3, 1)), 8, 4)
GO
INSERT [dbo].[NOTA] ([ID_NOTA], [NOTA], [ID_MATERIA], [ID_ALUNO]) VALUES (33, CAST(9.0 AS Decimal(3, 1)), 1, 5)
GO
INSERT [dbo].[NOTA] ([ID_NOTA], [NOTA], [ID_MATERIA], [ID_ALUNO]) VALUES (34, CAST(5.0 AS Decimal(3, 1)), 2, 5)
GO
INSERT [dbo].[NOTA] ([ID_NOTA], [NOTA], [ID_MATERIA], [ID_ALUNO]) VALUES (35, CAST(6.0 AS Decimal(3, 1)), 3, 5)
GO
INSERT [dbo].[NOTA] ([ID_NOTA], [NOTA], [ID_MATERIA], [ID_ALUNO]) VALUES (36, CAST(8.0 AS Decimal(3, 1)), 4, 5)
GO
INSERT [dbo].[NOTA] ([ID_NOTA], [NOTA], [ID_MATERIA], [ID_ALUNO]) VALUES (37, CAST(6.5 AS Decimal(3, 1)), 5, 5)
GO
INSERT [dbo].[NOTA] ([ID_NOTA], [NOTA], [ID_MATERIA], [ID_ALUNO]) VALUES (38, CAST(7.7 AS Decimal(3, 1)), 6, 5)
GO
INSERT [dbo].[NOTA] ([ID_NOTA], [NOTA], [ID_MATERIA], [ID_ALUNO]) VALUES (39, CAST(8.3 AS Decimal(3, 1)), 7, 5)
GO
INSERT [dbo].[NOTA] ([ID_NOTA], [NOTA], [ID_MATERIA], [ID_ALUNO]) VALUES (40, CAST(6.5 AS Decimal(3, 1)), 8, 5)
GO
INSERT [dbo].[PROFESSOR] ([ID_PROFESSOR], [NOME_PROFESSOR], [RG_PROFESSOR], [ENDERECO_PROFESSOR]) VALUES (1, N'LUIX', N'1234567890', N'Rua Morais Silva')
GO
INSERT [dbo].[PROFESSOR] ([ID_PROFESSOR], [NOME_PROFESSOR], [RG_PROFESSOR], [ENDERECO_PROFESSOR]) VALUES (2, N'GUILHERME', N'0987654321', N'Rua Silva Morais')
GO
INSERT [dbo].[PROFESSOR] ([ID_PROFESSOR], [NOME_PROFESSOR], [RG_PROFESSOR], [ENDERECO_PROFESSOR]) VALUES (3, N'NEYMAR', N'1234566543', N'Rua Penapolis')
GO
INSERT [dbo].[PROFESSOR] ([ID_PROFESSOR], [NOME_PROFESSOR], [RG_PROFESSOR], [ENDERECO_PROFESSOR]) VALUES (4, N'DOUGLAS', N'0987657098', N'Rua Jose Marcondes')
GO
INSERT [dbo].[PROFESSOR] ([ID_PROFESSOR], [NOME_PROFESSOR], [RG_PROFESSOR], [ENDERECO_PROFESSOR]) VALUES (5, N'VITOR', N'1234523445', N'Rua Comandante Sampaio')
GO
INSERT [dbo].[PROFESSOR] ([ID_PROFESSOR], [NOME_PROFESSOR], [RG_PROFESSOR], [ENDERECO_PROFESSOR]) VALUES (6, N'CAIO', N'0987655463', N'Rua Amauricio Junior')
GO
INSERT [dbo].[PROFESSOR] ([ID_PROFESSOR], [NOME_PROFESSOR], [RG_PROFESSOR], [ENDERECO_PROFESSOR]) VALUES (7, N'LUCAS', N'1234568745', N'Rua Sydnei Olivera')
GO
INSERT [dbo].[PROFESSOR] ([ID_PROFESSOR], [NOME_PROFESSOR], [RG_PROFESSOR], [ENDERECO_PROFESSOR]) VALUES (8, N'GUILHERME S', N'0987659045', N'Rua Brasil')
GO
INSERT [dbo].[PROFESSOR] ([ID_PROFESSOR], [NOME_PROFESSOR], [RG_PROFESSOR], [ENDERECO_PROFESSOR]) VALUES (9, N'DANILO', N'0985435723', N'Rua Vicente')
GO
INSERT [dbo].[PROFESSOR] ([ID_PROFESSOR], [NOME_PROFESSOR], [RG_PROFESSOR], [ENDERECO_PROFESSOR]) VALUES (10, N'MARIA', N'1209458765', N'Rua Vicente')
GO
INSERT [dbo].[PROFESSOR] ([ID_PROFESSOR], [NOME_PROFESSOR], [RG_PROFESSOR], [ENDERECO_PROFESSOR]) VALUES (11, N'PATRICIA', N'4573582472', N'Avenida Paulista')
GO
INSERT [dbo].[PROFESSOR] ([ID_PROFESSOR], [NOME_PROFESSOR], [RG_PROFESSOR], [ENDERECO_PROFESSOR]) VALUES (12, N'DANILO', N'0985435723', N'Avenida Giovani Gronchi')
GO
INSERT [dbo].[PROFESSOR] ([ID_PROFESSOR], [NOME_PROFESSOR], [RG_PROFESSOR], [ENDERECO_PROFESSOR]) VALUES (13, N'LURDES', N'4212387654', N'Rua Vicente')
GO
ALTER TABLE [dbo].[MATERIA]  WITH CHECK ADD FOREIGN KEY([ID_PROFESSOR])
REFERENCES [dbo].[PROFESSOR] ([ID_PROFESSOR])
GO
ALTER TABLE [dbo].[NOTA]  WITH CHECK ADD FOREIGN KEY([ID_ALUNO])
REFERENCES [dbo].[ALUNO] ([ID_ALUNO])
GO
ALTER TABLE [dbo].[NOTA]  WITH CHECK ADD FOREIGN KEY([ID_MATERIA])
REFERENCES [dbo].[MATERIA] ([ID_MATERIA])
GO
